year,global_primary_energy_TW,coal_TW,oil_TW,gas_TW,nuclear_TW,hydro_TW,wind_TW,solar_TW,world_gdp_2011_USD,kardashev_K,energy_observed,gdp_observed,country_n,data_status,dKdt,dKdt_roll10,dKdt_zscore,e_aii_global
1800,0.6453196347031963,0.0110730593607305,0.0,0.0,0.0,0.0,0.0,0.0,809254083498.0411,0.5809774879292038,True,False,55.0,partial,0.0002359802228715,0.0002339587954061,-0.8092863951452895,6.960370680769079e-05
1801,0.6488356164383562,0.0114269406392694,0.0,0.0,0.0,0.0,0.0,0.0,809254083498.0411,0.5812134681520753,False,False,55.0,estimated,0.0002353425696622,0.0002333572462081,-0.8105134675714621,7.143892486957195e-05
1802,0.652351598173516,0.0117808219178082,0.0,0.0,0.0,0.0,0.0,0.0,809254083498.0411,0.5814481730685284,False,False,55.0,estimated,0.0002340741183437,0.0002327539485823,-0.8129544207641659,7.325436036878641e-05
1803,0.6558675799086757,0.012134703196347,0.0,0.0,0.0,0.0,0.0,0.0,809254083498.0411,0.5816816163887628,False,False,55.0,estimated,0.0002328192672722,0.0002321511528381,-0.8153692022260765,7.505033145703701e-05
1804,0.6593835616438356,0.0124885844748858,0.0,0.0,0.0,0.0,0.0,0.0,809254083498.0411,0.5819138116030729,False,False,55.0,estimated,0.0002315777988807,0.0002315500869455,-0.8177582306338149,7.682714950019979e-05
1805,0.6628995433789955,0.0128424657534246,0.0,0.0,0.0,0.0,0.0,0.0,809254083498.0411,0.5821447719865244,False,False,55.0,estimated,0.0002303495002181,0.0002309514681195,-0.8201219157815401,7.858511925828269e-05
1806,0.6664155251141552,0.0131963470319634,0.0,0.0,0.0,0.0,0.0,0.0,809254083498.0411,0.5823745106035091,False,False,55.0,estimated,0.0002291341628276,0.0002296120753576,-0.8224606588141444,8.032453905968708e-05
1807,0.669931506849315,0.0135502283105022,0.0,0.0,0.0,0.0,0.0,0.0,809254083498.0411,0.5826030403121797,False,False,55.0,estimated,0.000227931582629,0.000228041724375,-0.8247748524551074,8.204570096998176e-05
1808,0.6734474885844749,0.013904109589041,0.0,0.0,0.0,0.0,0.0,0.0,809254083498.0411,0.5828303737687672,False,False,55.0,estimated,0.0002267415598041,0.0002264876968003,-0.8270648812259107,8.374889095539011e-05
1809,0.6769634703196348,0.0142579908675799,0.0,0.0,0.0,0.0,0.0,0.0,809254083498.0411,0.583056523431788,False,False,55.0,estimated,0.0002255638986862,0.000224949739333,-0.8293311216591508,8.543438904118336e-05
1810,0.6804794520547945,0.0146118721461187,0.0,0.0,0.0,0.0,0.0,0.0,809254083498.0411,0.5832815015661398,True,False,55.0,partial,0.0002225862952516,0.0002234276038887,-0.8350610937156779,8.710246946516009e-05
1811,0.6839383561643836,0.0148972602739726,0.0,0.0,0.0,0.0,0.0,0.0,809254083498.0411,0.5835016960222914,False,False,55.0,estimated,0.0002196390598369,0.0002219210474652,-0.8407326268602381,8.835457973029318e-05
1812,0.6873972602739726,0.0151826484018264,0.0,0.0,0.0,0.0,0.0,0.0,809254083498.0411,0.5837207796858136,False,False,55.0,estimated,0.0002185338425962,0.0002204298320131,-0.8428594594100469,8.959408904516876e-05
1813,0.6908561643835617,0.0154680365296803,0.0,0.0,0.0,0.0,0.0,0.0,809254083498.0411,0.583938763707484,False,False,55.0,estimated,0.0002174396925992,0.0002189537243101,-0.8449649946319586,9.082118667702282e-05
1814,0.6943150684931507,0.0157534246575342,0.0,0.0,0.0,0.0,0.0,0.0,809254083498.0411,0.5841556590710122,False,False,55.0,estimated,0.0002163564444377,0.0002174924958392,-0.8470495508303784,9.203605812156138e-05
1815,0.6977739726027397,0.0160388127853881,0.0,0.0,0.0,0.0,0.0,0.0,809254083498.0411,0.5843714765963595,False,False,55.0,estimated,0.0002152839359833,0.0002160459226708,-0.8491134399979515,9.323888519644122e-05
1816,0.7012328767123287,0.016324200913242,0.0,0.0,0.0,0.0,0.0,0.0,809254083498.0411,0.5845862269429789,False,False,55.0,estimated,0.0002142220083068,0.0002177598880912,-0.8511569679714186,9.442984613198104e-05
1817,0.7046917808219177,0.0166095890410958,0.0,0.0,0.0,0.0,0.0,0.0,809254083498.0411,0.5847999206129731,False,False,55.0,estimated,0.0002131705055989,0.0002225999451289,-0.8531804345833045,9.560911565920134e-05
1818,0.7081506849315068,0.0168949771689497,0.0,0.0,0.0,0.0,0.0,0.0,809254083498.0411,0.5850125679541769,False,False,55.0,estimated,0.0002121292750953,0.0002273861067857,-0.8551841338068774,9.677686509528677e-05
1819,0.7116095890410958,0.0171803652968036,0.0,0.0,0.0,0.0,0.0,0.0,809254083498.0411,0.5852241791631639,False,False,55.0,estimated,0.0002110981670019,0.0002321192711531,-0.8571683538995061,9.793326242655054e-05
1820,0.7150684931506849,0.0174657534246575,0.0,0.0,0.0,0.0,0.0,0.0,809254083498.0411,0.5854347642881808,True,True,55.0,complete,0.0002397259494558,0.0002368003164168,-0.8020782799173393,9.907847238899656e-05
1821,0.7195091324200913,0.0187328767123287,0.0,0.0,0.0,0.0,0.0,0.0,514638148886.605,0.5857036310620757,False,True,14.0,partial,0.0002680396302142,0.0002414301014066,-0.7475926497363359,0.00010561066674302005
1822,0.7239497716894977,0.02,0.0,0.0,0.0,0.0,0.0,0.0,320115796228.9862,0.5859708435486093,False,True,13.0,partial,0.000266395459164,0.0002460094661286,-0.7507566218303491,0.00011206272537520756
1823,0.7283904109589041,0.0212671232876712,0.0,0.0,0.0,0.0,0.0,0.0,326588401038.93176,0.5862364219804037,False,True,13.0,partial,0.0002647713362732,0.0002505392322794,-0.7538820141079543,0.00011843611393019543
1824,0.7328310502283105,0.0225342465753424,0.0,0.0,0.0,0.0,0.0,0.0,338254488330.00903,0.5865003862211559,False,True,13.0,partial,0.0002631668970745,0.000255020203744,-0.7569695279348713,0.0001247322625279308
1825,0.7372716894977169,0.0238013698630136,0.0,0.0,0.0,0.0,0.0,0.0,339369172696.43994,0.5867627557745527,False,True,13.0,partial,0.0002615817858814,0.000259453167077,-0.760019847778446,0.00013095256683350796
1826,0.7417123287671232,0.0250684931506849,0.0,0.0,0.0,0.0,0.0,0.0,342532377358.04175,0.5870235497929187,False,True,13.0,partial,0.0002600156555266,0.000269229813807,-0.7630336417127114,0.00013709838908857722
1827,0.7461529680365296,0.0263356164383561,0.0,0.0,0.0,0.0,0.0,0.0,349027498653.2331,0.587282787085606,False,True,13.0,partial,0.0002584681671074,0.0002842552296761,-0.7660115619074241,0.0001431710591059205
1828,0.750593607305936,0.0276027397260274,0.0,0.0,0.0,0.0,0.0,0.0,349746320131.75256,0.5875404861271336,False,True,13.0,partial,0.0002569389897416,0.0002990460113108,-0.768954245098194,0.00014917187522872893
1829,0.7550342465753425,0.0288698630136986,0.0,0.0,0.0,0.0,0.0,0.0,354337827832.0864,0.5877966650650892,False,True,13.0,partial,0.0002554278003316,0.0003136076960516,-0.7718623130398417,0.00015510210525602049
1830,0.7594748858447489,0.0301369863013698,0.0,0.0,0.0,0.0,0.0,0.0,717882512010.5791,0.5880513417277969,True,True,17.0,complete,0.0003374924167559,0.0003279456458585,-0.6139406927604294,0.00016096298733560074
1831,0.7668607305936073,0.0311872146118721,0.0,0.0,0.0,0.0,0.0,0.0,575107088073.289,0.5884716498986011,False,True,15.0,partial,0.0004182937889048,0.0003420650542924,-0.4584500054637475,0.0001649680002963638
1832,0.7742465753424658,0.0322374429223744,0.0,0.0,0.0,0.0,0.0,0.0,381378322115.97406,0.5888879293056066,False,True,14.0,partial,0.0004143032755112,0.0003559709531608,-0.4661291779051239,0.00016889660244721844
1833,0.7816324200913243,0.0332876712328767,0.0,0.0,0.0,0.0,0.0,0.0,392241885444.7576,0.5893002564496237,False,True,15.0,partial,0.0004103881836811,0.0003696682188479,-0.4736632123319392,0.00017275095986405133
1834,0.7890182648401827,0.034337899543379,0.0,0.0,0.0,0.0,0.0,0.0,396791978040.9873,0.5897087056729688,False,True,15.0,partial,0.0004065463951439,0.0003831615783463,-0.4810561850525754,0.00017653315751790813
1835,0.7964041095890411,0.0353881278538812,0.0,0.0,0.0,0.0,0.0,0.0,412158403817.277,0.5901133492399117,False,True,15.0,partial,0.0004027758702203,0.0003964556150067,-0.4883120211387629,0.00018024520303582103
1836,0.8037899543378996,0.0364383561643835,0.0,0.0,0.0,0.0,0.0,0.0,417412510297.6822,0.5905142574134095,False,True,15.0,partial,0.0003990746442101,0.0003965944421611,-0.4954345013746484,0.00018388903025429423
1837,0.8111757990867581,0.0374885844748858,0.0,0.0,0.0,0.0,0.0,0.0,420894878883.236,0.5909114985283319,False,True,15.0,partial,0.0003954408239782,0.0003837811010813,-0.5024272688282421,0.0001874665025786555
1838,0.8185616438356165,0.0385388127853881,0.0,0.0,0.0,0.0,0.0,0.0,429111387382.5683,0.591305139061366,False,True,15.0,partial,0.0003918725847262,0.0003711742334931,-0.5092938350630835,0.00019097941616054437
1839,0.8259474885844749,0.0395890410958904,0.0,0.0,0.0,0.0,0.0,0.0,431287337845.1063,0.5916952436977845,False,True,15.0,partial,0.0003883681669357,0.0003587688366803,-0.5160375860208934,0.00019442950290491493
1840,0.8333333333333334,0.0406392694063926,0.0,0.0,0.0,0.0,0.0,0.0,807017945226.5997,0.5920818753952375,True,True,18.0,complete,0.0003388806883,0.0003465600698523,-0.6112691626762379,0.00019781843331713133
1841,0.8389383561643836,0.0430707762557077,0.0,0.0,0.0,0.0,0.0,0.0,663817894907.0515,0.5923730050743845,False,True,16.0,partial,0.0002901603781063,0.0003345432475839,-0.705024433358622,0.0002082534805152485
1842,0.8445433789954339,0.0455022831050228,0.0,0.0,0.0,0.0,0.0,0.0,446806777090.8503,0.5926621961514501,False,True,15.0,partial,0.0002882345996292,0.0003227138335744,-0.7087303186797407,0.00021855001812524217
1843,0.8501484018264841,0.0479337899543379,0.0,0.0,0.0,0.0,0.0,0.0,456548242104.928,0.5929494742736431,False,True,15.0,partial,0.0002863342155532,0.0003110674347077,-0.7123873361071086,0.00022871078572552744
1844,0.8557534246575343,0.0503652968036529,0.0,0.0,0.0,0.0,0.0,0.0,477578018861.1138,0.5932348645825567,False,True,15.0,partial,0.0002844587268637,0.0002995997953966,-0.7159964459228791,0.0002387384511196402
1845,0.8613584474885845,0.052796803652968,0.0,0.0,0.0,0.0,0.0,0.0,485675037856.8189,0.5935183917273706,False,True,15.0,partial,0.0002826076475359,0.0002883067921949,-0.7195585834122394,0.0002486356126715029
1846,0.8669634703196347,0.0552283105022831,0.0,0.0,0.0,0.0,0.0,0.0,544454560532.99567,0.5938000798776286,False,True,17.0,partial,0.0002807805041151,0.0002741032933188,-0.7230746596709938,0.00025840480155009865
1847,0.872568493150685,0.0576598173515981,0.0,0.0,0.0,0.0,0.0,0.0,507853707518.7546,0.594079952735601,False,True,16.0,partial,0.000278976835312,0.0002569836319842,-0.7265455623845197,0.0002680484838876368
1848,0.8781735159817352,0.0600913242009132,0.0,0.0,0.0,0.0,0.0,0.0,515880751596.2412,0.5943580335482528,False,True,16.0,partial,0.0002771961916153,0.0002400240503834,-0.7299721565731803,0.0002775690628550701
1849,0.8837785388127855,0.0625228310502283,0.0,0.0,0.0,0.0,0.0,0.0,524665020184.84143,0.5946343451188316,False,True,16.0,partial,0.0002754381349178,0.0002232221861475,-0.7333552853113514,0.0002869688806586286
1850,0.8893835616438357,0.0649543378995433,0.0,0.0,0.0,0.0,0.0,0.0,1224404377657.053,0.5949089098180884,True,True,35.0,complete,0.0001968456995393,0.0002065757253657,-0.8845951896386779,0.00029625022046086356
1851,0.8918264840182649,0.0705707762557077,0.0,0.0,0.0,0.0,0.0,0.0,764130830806.3237,0.5950280365179104,False,True,17.0,partial,0.0001189637647605,0.0001900824013021,-1.0344678371532203,0.00032098456522429577
1852,0.8942694063926941,0.0761872146118721,0.0,0.0,0.0,0.0,0.0,0.0,561569530259.9178,0.5951468373476094,False,True,16.0,partial,0.0001186387836212,0.0001737399931542,-1.0350932168881446,0.00034558377378870894
1853,0.8967123287671234,0.0818036529680365,0.0,0.0,0.0,0.0,0.0,0.0,574062261467.9701,0.5952653140851529,False,True,16.0,partial,0.0001183155731938,0.0001575463248513,-1.0357151891413967,0.00037004895061280277
1854,0.8991552511415526,0.0874200913242009,0.0,0.0,0.0,0.0,0.0,0.0,591827634800.2991,0.5953834684939971,False,True,16.0,partial,0.0001179941190457,0.0001414992638919,-1.0363337816861729,0.00039438118815242465
1855,0.9015981735159816,0.0930365296803653,0.0,0.0,0.0,0.0,0.0,0.0,597886891162.9135,0.5955013023232445,False,True,17.0,partial,0.0001176744069005,0.0001255967202181,-1.0369490219954964,0.0004185815670231817
1856,0.9040410958904108,0.0986529680365296,0.0,0.0,0.0,0.0,0.0,0.0,619750877216.7671,0.5956188173077983,False,True,16.0,partial,0.0001173564226361,0.0001275901128565,-1.0375609372454213,0.0004426511561604145
1857,0.9064840182648402,0.104269406392694,0.0,0.0,0.0,0.0,0.0,0.0,633661233390.6876,0.5957360151685167,False,True,16.0,partial,0.0001170401522828,0.0001473089209843,-1.0381695543182383,0.0004665910129765875
1858,0.9089269406392694,0.1098858447488584,0.0,0.0,0.0,0.0,0.0,0.0,644133572336.354,0.595852897612364,False,True,16.0,partial,0.0001167255820212,0.0001668317385783,-1.0387748998078148,0.000490402183516137
1859,0.9113698630136986,0.1155022831050228,0.0,0.0,0.0,0.0,0.0,0.0,653450528467.7805,0.5959694663325592,False,True,16.0,partial,0.0001164126981798,0.0001861616675834,-1.0393770000228002,0.0005140857026078318
1860,0.9138127853881278,0.1211187214611872,0.0,0.0,0.0,0.0,0.0,0.0,702560528037.169,0.5960857230087238,True,True,20.0,complete,0.0002167796259236,0.0002053017413043,-0.8462351985694541,0.0005376425940146892
1861,0.920513698630137,0.1277511415525114,6.84931506849315e-05,0.0,0.0,0.0,0.0,0.0,900509260538.7518,0.5964030255844065,False,True,19.0,partial,0.0003161518460381,0.0002242549263728,-0.655007569720116,0.0005632817049888109
1862,0.927214611872146,0.1343835616438356,0.0001369863013698,0.0,0.0,0.0,0.0,0.0,692931898477.3805,0.5967180267008001,False,True,17.0,partial,0.0003138669595613,0.000243024124646,-0.6594045070396688,0.0005885502319448638
1863,0.9339155251141552,0.1410159817351598,0.0002054794520547,0.0,0.0,0.0,0.0,0.0,735100018647.4429,0.5970307595035292,False,True,17.0,partial,0.0003116148632452,0.0002616121750378,-0.6637383443835746,0.0006134561517863916
1864,0.9406164383561644,0.147648401826484,0.0002739726027397,0.0,0.0,0.0,0.0,0.0,753653462619.4636,0.5973412564272905,False,True,17.0,partial,0.0003093948562545,0.0002800218552869,-0.6680104304089045,0.0006380072141083932
1865,0.9473173515981734,0.1542808219178082,0.0003424657534246,0.0,0.0,0.0,0.0,0.0,760509048299.685,0.5976495492160383,False,True,18.0,partial,0.0003072062575852,0.0002982558836627,-0.6722220756106495,0.0006622109492367327
1866,0.9540182648401826,0.1609132420091324,0.0004109589041095,0.0,0.0,0.0,0.0,0.0,769028491822.6038,0.597955668942461,False,True,18.0,partial,0.0003050484053681,0.0003147669553776,-0.6763745536613907,0.0006860746759287458
1867,0.9607191780821918,0.1675456621004566,0.0004794520547945,0.0,0.0,0.0,0.0,0.0,775254364371.0664,0.5982596460267746,False,True,18.0,partial,0.0003029206562015,0.0003295098804662,-0.6804691026958496,0.000709605508751578
1868,0.9674200913242008,0.1741780821917808,0.0005479452054794,0.0,0.0,0.0,0.0,0.0,805183195283.4727,0.598561510254864,False,True,18.0,partial,0.0003008223845113,0.0003439916596801,-0.6845069265417059,0.0007328103651538826
1869,0.97412100456621,0.180810502283105,0.0006164383561643,0.0,0.0,0.0,0.0,0.0,826379035034.994,0.5988612907957973,False,True,18.0,partial,0.0002987529819379,0.0003582192493175,-0.688489195900101,0.000755695972245647
1870,0.9808219178082191,0.1874429223744292,0.0006849315068493,0.0,0.0,0.0,0.0,0.0,1829723623570.8176,0.59915901621874,True,True,67.0,complete,0.0003818903430727,0.0003721993581302,-0.5285032318119828,0.0007782688733001013
1871,0.991404109589041,0.1977168949771689,0.0009931506849315,0.0,0.0,0.0,0.0,0.0,891261334091.0999,0.5996250714819429,False,True,25.0,partial,0.0004635810969245,0.0003859384583492,-0.3713010565965378,0.0008133607337769301
1872,1.0019863013698629,0.2079908675799086,0.0013013698630136,0.0,0.0,0.0,0.0,0.0,923311748823.2368,0.6000861784125892,False,True,25.0,partial,0.0004586847517,0.0003994427961201,-0.3807233728760668,0.0008477113689555605
1873,1.0125684931506849,0.2182648401826484,0.0016095890410958,0.0,0.0,0.0,0.0,0.0,943174079407.4694,0.6005424409853429,False,True,25.0,partial,0.0004538907596189,0.0004127184013859,-0.3899487251659947,0.0008813440181180116
1874,1.0231506849315068,0.2285388127853881,0.001917808219178,0.0,0.0,0.0,0.0,0.0,1028968928010.5562,0.600993959931827,False,True,26.0,partial,0.0004491959443821,0.0004257710972522,-0.3989832257997999,0.0009142809591139607
1875,1.0337328767123286,0.2388127853881278,0.0022260273972602,0.0,0.0,0.0,0.0,0.0,999492217430.0022,0.6014408328741073,False,True,25.0,partial,0.0004445972597754,0.0004386065088634,-0.4078327367815157,0.0009465435575710502
1876,1.0443150684931506,0.2490867579908676,0.0025342465753424,0.0,0.0,0.0,0.0,0.0,994588638012.7812,0.6018831544513779,False,True,25.0,partial,0.0004400917830763,0.0004475189888162,-0.4165028824721695,0.0009781523131132553
1877,1.0548972602739726,0.2593607305936073,0.0028424657534246,0.0,0.0,0.0,0.0,0.0,1017661045702.806,0.60232101644026,False,True,25.0,partial,0.0004356767088602,0.0004525590753466,-0.4249990615105116,0.0010091269027974242
1878,1.0654794520547946,0.2696347031963471,0.0031506849315068,0.0,0.0,0.0,0.0,0.0,1038709456909.7268,0.6027545078690985,False,True,25.0,partial,0.0004313493431734,0.0004574875927522,-0.4333264580254005,0.0010394862219613818
1879,1.0760616438356163,0.2799086757990868,0.003458904109589,0.0,0.0,0.0,0.0,0.0,1058886143536.3892,0.603183715126607,False,True,25.0,partial,0.0004271070980504,0.000462308208261,-0.4414900521860961,0.0010692484226617856
1880,1.0866438356164383,0.2901826484018265,0.0037671232876712,0.0,0.0,0.0,0.0,0.0,1129603158419.1875,0.6036087220651994,True,True,25.0,complete,0.0004710151426006,0.0004670244299878,-0.3569952986517079,0.001098430949866039
1881,1.0996575342465753,0.3051826484018265,0.0044063926940639,0.0003767123287671,0.0,0.0001598173515981,0.0,0.0,1168068272699.3977,0.6041257454118083,False,True,25.0,partial,0.0005139819622285,0.0004716396154783,-0.2743117978989722,0.0011782564844026917
1882,1.1126712328767123,0.3201826484018265,0.0050456621004566,0.0007534246575342,0.0,0.0003196347031963,0.0,0.0,1209112829772.8684,0.6046366859896566,False,True,25.0,partial,0.0005079699257561,0.0004761569797075,-0.2858811024575709,0.0012562147549735796
1883,1.1256849315068491,0.3351826484018265,0.0056849315068493,0.0011301369863013,0.0,0.0004794520547945,0.0,0.0,1236952247176.9854,0.6051416852633207,False,True,25.0,partial,0.0005020969147069,0.0004805796025742,-0.2971828724678558,0.0013323705221786669
1884,1.1386986301369864,0.3501826484018265,0.006324200913242,0.0015068493150684,0.0,0.0006392694063926,0.0,0.0,1488902516159.7188,0.6056408798190706,False,True,26.0,partial,0.0004963581616505,0.000484910435926,-0.3082262821680565,0.001406785586133347
1885,1.1517123287671232,0.3651826484018264,0.0069634703196347,0.0018835616438356,0.0,0.0007990867579908,0.0,0.0,1569887596480.4463,0.6061344015866217,False,True,27.0,partial,0.0004907491146798,0.0004891523101513,-0.3190200910520531,0.0014795189537274815
1886,1.1647260273972602,0.3801826484018265,0.0076027397260273,0.0022602739726027,0.0,0.000958904109589,0.0,0.0,1592248032117.9182,0.6066223780484303,False,True,27.0,partial,0.0004852654253689,0.0004945799568813,-0.3295726670443649,0.00155062699467146
1887,1.1777397260273972,0.3951826484018265,0.00824200913242,0.0026369863013698,0.0,0.0011187214611872,0.0,0.0,1991721219403.796,0.6071049324373595,False,True,28.0,partial,0.0004799029375268,0.0005011543835169,-0.3398920081398748,0.001620163587196788
1888,1.1907534246575342,0.4101826484018265,0.0088812785388127,0.0030136986301369,0.0,0.0012785388127853,0.0,0.0,1669655927781.191,0.607582183923484,False,True,27.0,partial,0.0004746576766914,0.0005075663049948,-0.349985762622591,0.0016881802542024317
1889,1.2037671232876712,0.4251826484018264,0.0095205479452054,0.0033904109589041,0.0,0.0014383561643835,0.0,0.0,1714730856021.9688,0.6080542477907425,False,True,27.0,partial,0.0004695258403034,0.0005138216798701,-0.3598612479744343,0.0017547262905701266
1890,1.2167808219178082,0.4401826484018264,0.0101598173515981,0.0037671232876712,0.0,0.0015981735159817,0.0,0.0,2439288281104.028,0.6085212356040909,True,True,40.0,complete,0.0005252916099008,0.0005199261785792,-0.2525479980663165,0.0018198488823096294
1891,1.23324200913242,0.4615525114155251,0.0112100456621004,0.00412100456621,0.0,0.0016324200913242,0.0,0.0,1755379986223.3457,0.6091048310105442,False,True,27.0,partial,0.0005797262285839,0.000525885200665,-0.1477963577578893,0.0018935116985086772
1892,1.249703196347032,0.4829223744292237,0.0122602739726027,0.0044748858447488,0.0,0.0016666666666666,0.0,0.0,1831626029290.516,0.6096806880612589,False,True,27.0,partial,0.0005720891405352,0.0005317038907803,-0.1624928417167968,0.0019652339300765017
1893,1.2661643835616438,0.5042922374429224,0.013310502283105,0.0048287671232876,0.0,0.0017009132420091,0.0,0.0,1828684347562.8296,0.6102490092916147,False,True,27.0,partial,0.0005646506634606,0.0005373871535684,-0.1768071272543583,0.0020350912646426213
1894,1.2826255707762555,0.525662100456621,0.0143607305936073,0.0051826484018264,0.0,0.0017351598173515,0.0,0.0,1864405397331.3823,0.6108099893881802,False,True,27.0,partial,0.0005574031487411,0.0005429396675123,-0.1907539330443373,0.002103155504343318
1895,1.2990867579908676,0.5470319634703197,0.0154109589041095,0.0055365296803652,0.0,0.001769406392694,0.0,0.0,1958952104177.444,0.6113638155890971,False,True,28.0,partial,0.0005503393355377,0.0005483658978346,-0.2043472315333824,0.0021694948119939587
1896,1.3155479452054797,0.5684018264840183,0.0164611872146118,0.0058904109589041,0.0,0.0018036529680365,0.0,0.0,1960151150466.6555,0.6119106680592556,False,True,29.0,partial,0.0005434523265219,0.00058406210228,-0.2176002956435216,0.0022341739387794304
1897,1.3320091324200911,0.589771689497717,0.0175114155251141,0.0062442922374429,0.0,0.0018378995433789,0.0,0.0,2070110790055.213,0.6124507202421411,False,True,29.0,partial,0.0005367355654081,0.0006487454204773,-0.2305257420094165,0.0022972544350615747
1898,1.3484703196347032,0.6111415525114156,0.0185616438356164,0.0065981735159817,0.0,0.0018721461187214,0.0,0.0,2145898307141.219,0.6129841391900719,False,True,29.0,partial,0.0005301828161301,0.0007108226290958,-0.2431355710484128,0.002358794845746328
1899,1.364931506849315,0.6325114155251141,0.0196118721461187,0.0069520547945205,0.0,0.0019063926940639,0.0,0.0,2208935645806.5176,0.6135110858744014,False,True,29.0,partial,0.0005237881435264,0.0007704541219443,-0.2554412041304458,0.0024188508915139227
1900,1.381392694063927,0.6538812785388128,0.020662100456621,0.0073059360730593,0.0,0.0019406392694063,0.0,0.0,3063830824555.2856,0.6140317154771248,True,True,44.0,complete,0.0008822536543545,0.000827786968238,0.4343744161800379,0.002477475637091499
1901,1.4215296803652968,0.6873059360730595,0.0231278538812785,0.0081963470319634,0.0,0.0021232876712328,0.0,0.0,2383409478959.932,0.6152755931831105,False,True,36.0,partial,0.0012265594105574,0.0008829563052254,1.096941613350266,0.002566600945091433
1902,1.461666666666667,0.720730593607306,0.025593607305936,0.0090867579908675,0.0,0.0023059360730593,0.0,0.0,2427437019641.3013,0.6164848342982397,False,True,37.0,partial,0.00119286122672,0.0009360865559316,1.032094276898171,0.0026508315375616534
1903,1.5018036529680363,0.7541552511415526,0.0280593607305936,0.0099771689497716,0.0,0.0024885844748858,0.0,0.0,2510448213982.8223,0.6176613156365507,False,True,37.0,partial,0.001160965591946,0.0009872924975609,0.970715688380568,0.0027305598608711205
1904,1.5419406392694064,0.7875799086757991,0.0305251141552511,0.0108675799086758,0.0,0.0026712328767123,0.0,0.0,2530930797645.001,0.6188067654821318,False,True,37.0,partial,0.0011307316116776,0.0010366802018671,0.9125347163671376,0.0028061374995964946
1905,1.5820776255707762,0.8210045662100457,0.0329908675799086,0.0117579908675799,0.0,0.0028538812785388,0.0,0.0,2615939534090.545,0.619922778859906,False,True,37.0,partial,0.0011020327054117,0.0010843478653467,0.8573077747784196,0.002877880359798762
1906,1.622214611872146,0.8544292237442923,0.0354566210045662,0.012648401826484,0.0,0.0030365296803652,0.0,0.0,2786976251568.8506,0.6210108308929552,False,True,39.0,partial,0.0010747548335842,0.0010779470807658,0.8048154107795507,0.0029460730828291793
1907,1.662351598173516,0.8878538812785388,0.0379223744292237,0.0135388127853881,0.0,0.0032191780821917,0.0,0.0,2822827774268.756,0.6220722885270744,False,True,38.0,partial,0.0010487949817007,0.0010195704081736,0.7548593877056505,0.003010972819714994
1908,1.7024885844748858,0.9212785388127854,0.0403881278538812,0.0144292237442922,0.0,0.0034018264840182,0.0,0.0,2760330548196.325,0.6231084208563568,False,True,38.0,partial,0.0010240598591926,0.00096362597574,0.7072601811962957,0.003072812471647403
1909,1.7426255707762557,0.954703196347032,0.0428538812785388,0.0153196347031963,0.0,0.0035844748858447,0.0,0.0,2939559126609.189,0.6241204082454598,False,True,38.0,partial,0.0010004647783222,0.0009099604882638,0.6618548218095713,0.003131803482650726
1910,1.7827625570776255,0.9881278538812786,0.0453196347031963,0.0162100456621004,0.0,0.0037671232876712,0.0,0.0,3166254860355.937,0.6251093504130013,True,True,45.0,complete,0.0008182458085452,0.0008584335935799,0.311200469097464,0.0031881382550078587
1911,1.8095433789954336,1.0015639269406391,0.0509360730593607,0.0172488584474885,0.0,0.00412100456621,0.0,0.0,3482522324724.357,0.6257568998625503,False,True,41.0,partial,0.0006427926846362,0.0008089165152498,-0.0264339806577819,0.0032405100993913778
1912,1.8363242009132417,1.015,0.0565525114155251,0.0182876712328767,0.0,0.0044748858447488,0.0,0.0,3179188159666.7554,0.6263949357822739,False,True,39.0,partial,0.0006334169023838,0.0007612908581441,-0.0444763330040346,0.0032913543692461287
1913,1.8631050228310504,1.0284360730593607,0.0621689497716895,0.0193264840182648,0.0,0.0048287671232876,0.0,0.0,4396657850163.1416,0.6270237336673181,False,True,68.0,partial,0.0006243107171832,0.0007154475615564,-0.0619998843725096,0.0033407369379945652
1914,1.8898858447488585,1.0418721461187217,0.0677853881278538,0.0203652968036529,0.0,0.0051826484018264,0.0,0.0,3092014836234.3203,0.6276435572166404,False,True,40.0,partial,0.0006154626648393,0.0006712859786991,-0.0790266959674531,0.003388719945194701
1915,1.9166666666666663,1.055308219178082,0.0734018264840182,0.021404109589041,0.0,0.0055365296803652,0.0,0.0,3112087731959.5684,0.6282546589969968,False,True,40.0,partial,0.00060686192211,0.0006287130648756,-0.0955775955707917,0.003435362057399105
1916,1.9434474885844748,1.0687442922374428,0.0790182648401826,0.0224429223744292,0.0,0.0058904109589041,0.0,0.0,3334816155241.01,0.6288572810608605,False,True,41.0,partial,0.0005984982625275,0.0005979717764906,-0.1116722625573275,0.003480718707446032
1917,1.970228310502283,1.0821803652968036,0.084634703196347,0.0234817351598173,0.0,0.0062442922374429,0.0,0.0,3244941421885.6626,0.629451655522052,False,True,40.0,partial,0.0005903620158235,0.0005785343176296,-0.1273293059759278,0.0035248423142347474
1918,1.997009132420092,1.0956164383561644,0.0902511415525114,0.0245205479452054,0.0,0.0065981735159817,0.0,0.0,3237619941956.048,0.6300380050925076,False,True,40.0,partial,0.0005824440306203,0.0005595761517437,-0.1425663363444859,0.003567782484817191
1919,2.0237899543379,1.109052511415525,0.0958675799086758,0.0255593607305936,0.0,0.0069520547945205,0.0,0.0,3233683011229.636,0.6306165435832927,False,True,40.0,partial,0.0005747356400868,0.0005410795920677,-0.1574000317401981,0.003609586200443902
1920,2.050570776255708,1.1224885844748858,0.1014840182648401,0.0265981735159817,0.0,0.0073059360730593,0.0,0.0,3564985722026.1665,0.6311874763726812,True,True,52.0,complete,0.0005108329246954,0.000523027819623,-0.2803716703655705,0.0036502979880311927
1921,2.0719634703196346,1.1258219178082192,0.1113812785388127,0.0308219178082191,0.0,0.0080707762557077,0.0,0.0,3494210458682.645,0.6316382094326836,False,True,52.0,partial,0.0004484180960263,0.0005054048301743,-0.4004800837397726,0.003819848841904614
1922,2.093356164383561,1.1291552511415524,0.1212785388127853,0.0350456621004566,0.0,0.0088356164383561,0.0,0.0,3715797650164.719,0.632084312564734,False,True,50.0,partial,0.0004438352435243,0.0004881953850628,-0.4092991280996769,0.00398593430407174
1923,2.1147488584474887,1.1324885844748858,0.131175799086758,0.039269406392694,0.0,0.0096004566210045,0.0,0.0,3902172216269.208,0.6325258799197322,False,True,51.0,partial,0.000439345120424,0.0004713849655852,-0.4179397279848141,0.0041486595417219736
1924,2.136141552511416,1.1358219178082192,0.1410730593607306,0.0434931506849315,0.0,0.0103652968036529,0.0,0.0,4177978439109.769,0.632963002805582,False,True,53.0,partial,0.000434944940392,0.0004549597306223,-0.4264072452955952,0.0043081255091975
1925,2.1575342465753424,1.1391552511415526,0.1509703196347032,0.0477168949771689,0.0,0.0111301369863013,0.0,0.0,4389125672035.585,0.6333957698005163,False,True,54.0,partial,0.0004306320276229,0.0004389064772481,-0.4347068292368254,0.004464429156852397
1926,2.1789269406392693,1.1424885844748858,0.1608675799086758,0.0519406392694063,0.0,0.0118949771689497,0.0,0.0,4582082014773.711,0.6338242668608279,False,True,54.0,partial,0.0004264038114122,0.0004376938058611,-0.4428434267617086,0.004617663627608344
1927,2.200319634703196,1.1458219178082192,0.1707648401826484,0.0561643835616438,0.0,0.0126598173515981,0.0,0.0,4698671884768.972,0.6342485774233408,False,True,53.0,partial,0.0004222578210474,0.0004509814316594,-0.4508217924034344,0.004767918442044158
1928,2.2217123287671234,1.1491552511415526,0.180662100456621,0.0603881278538812,0.0,0.0134246575342465,0.0,0.0,4861352558274.555,0.6346687825029228,False,True,53.0,partial,0.0004181916809916,0.0004639595238617,-0.458646497542738,0.004915279672792074
1929,2.2431050228310503,1.1524885844748858,0.1905593607305936,0.0646118721461187,0.0,0.0141894977168949,0.0,0.0,5654440675939.673,0.6350849607853242,False,True,58.0,partial,0.0004142031063451,0.0004766388301272,-0.4663219391426255,0.005059830108954642
1930,2.264497716894977,1.1558219178082192,0.2004566210045662,0.0688356164383561,0.0,0.0149543378995433,0.0,0.0,5458058939984.557,0.6354971887156131,True,True,55.0,complete,0.000498706210825,0.0004890296037388,-0.3037077972679323,0.005201649411202113
1931,2.2952168949771687,1.1725,0.2106963470319634,0.0719406392694063,0.0,0.0156506849315068,0.0,0.0,5274746126337.195,0.6360823732069744,False,True,56.0,partial,0.0005812943540099,0.0005011416318415,-0.144778724594328,0.005303684641205837
1932,2.325936073059361,1.1891780821917808,0.2209360730593607,0.0750456621004566,0.0,0.0163470319634703,0.0,0.0,5018502854988.797,0.6366597774236331,False,True,55.0,partial,0.0005736161655463,0.0005129842617586,-0.1595543004249669,0.00540302466523426
1933,2.3566552511415524,1.2058561643835617,0.2311757990867579,0.0781506849315068,0.0,0.0170433789954337,0.0,0.0,5044728874113.239,0.6372296055380671,False,True,56.0,partial,0.0005661381830794,0.0005245664255377,-0.173944608441304,0.005499774879923923
1934,2.3873744292237444,1.2225342465753424,0.2414155251141552,0.081255707762557,0.0,0.0177397260273972,0.0,0.0,5285216561450.975,0.6377920537897921,False,True,55.0,partial,0.0005588526765084,0.0005358966628626,-0.1879645241173238,0.005594035257210486
1935,2.418093607305936,1.2392123287671233,0.2516552511415525,0.0843607305936073,0.0,0.0184360730593607,0.0,0.0,5630779125948.9,0.638347310891084,False,True,55.0,partial,0.0005517523086493,0.0005469831424594,-0.2016281668143636,0.005685900688902549
1936,2.448812785388128,1.2558904109589042,0.2618949771689497,0.0874657534246575,0.0,0.0191324200913242,0.0,0.0,5983416185986.539,0.6388955584070908,False,True,56.0,partial,0.0005448301105837,0.0005750578912566,-0.2149489472194064,0.0057754613053203775
1937,2.47953196347032,1.2725684931506849,0.272134703196347,0.0905707762557077,0.0,0.0198287671232876,0.0,0.0,6283610123956.656,0.6394369711122515,False,True,55.0,partial,0.0005380794588381,0.0006194205273778,-0.2279396112602351,0.005862802770248791
1938,2.510251141552512,1.2892465753424658,0.2823744292237443,0.093675799086758,0.0,0.0205251141552511,0.0,0.0,6269649368577.917,0.6399717173247671,False,True,57.0,partial,0.0005314940542409,0.0006621875507234,-0.2406122807918539,0.005948006554233115
1939,2.540970319634704,1.3059246575342465,0.2926141552511415,0.0967808219178082,0.0,0.0212214611872146,0.0,0.0,5943149740776.494,0.6404999592207334,False,True,53.0,partial,0.0005250679023133,0.0007034455017119,-0.2529784913317026,0.006031150188050968
1940,2.571689497716895,1.3226027397260274,0.3028538812785388,0.0998858447488584,0.0,0.021917808219178,0.0,0.0,6033654014749.514,0.6410218531293937,True,True,51.0,complete,0.0007794536987968,0.0007432746446775,0.2365506005859416,0.006112307498017581
1941,2.6338356164383563,1.3342123287671233,0.3347146118721461,0.1137785388127853,0.0,0.0235273972602739,0.0,0.0,5616296626636.932,0.6420588666183272,False,True,48.0,partial,0.0010249207152221,0.000781749536996,0.7089167755352846,0.006484612091013009
1942,2.695981735159817,1.3458219178082191,0.3665753424657534,0.1276712328767123,0.0,0.0251369863013698,0.0,0.0,5685375444634.9,0.643071694559838,False,True,48.0,partial,0.0010012863990015,0.0008189395364115,0.6634359133273005,0.0068397524093881095
1943,2.7581278538812786,1.357431506849315,0.3984360730593607,0.1415639269406392,0.0,0.0267465753424657,0.0,0.0,5848654828738.916,0.6440614394163304,False,True,46.0,partial,0.0009787176929648,0.0008549092543584,0.6200056655514296,0.007178888689112526
1944,2.82027397260274,1.369041095890411,0.430296803652968,0.1554566210045662,0.0,0.0283561643835616,0.0,0.0,5921553827789.529,0.6450291299457677,False,True,44.0,partial,0.0009571441061647,0.0008897189619571,0.5784903824591826,0.0075030789006838156
1945,2.8824200913242013,1.3806506849315068,0.4621575342465753,0.1693493150684931,0.0,0.0299657534246575,0.0,0.0,5516514526341.849,0.6459757276286598,False,True,45.0,partial,0.0009365012318345,0.0009234249544238,0.5387661224371603,0.007813289773547824
1946,2.944566210045662,1.3922602739726029,0.4940182648401826,0.1832420091324201,0.0,0.0315753424657534,0.0,0.0,5764995899017.727,0.6469021324094367,False,True,49.0,partial,0.0009167301047387,0.0009839594780912,0.5007194153207483,0.008110406424473183
1947,3.006712328767124,1.4038698630136988,0.5258789954337899,0.197134703196347,0.0,0.0331849315068493,0.0,0.0,5916422135694.958,0.6478091878381373,False,True,51.0,partial,0.0008977766383067,0.0010690214800058,0.4642461792383868,0.008395240791865216
1948,3.068858447488585,1.4154794520547946,0.5577397260273973,0.2110273972602739,0.0,0.0347945205479452,0.0,0.0,6499684837636.34,0.6486976856860502,False,True,53.0,partial,0.0008795911302277,0.0011486780937481,0.4292507691995949,0.00866853904528211
1949,3.131004566210046,1.4270890410958903,0.5896004566210045,0.2249200913242009,0.0,0.0364041095890411,0.0,0.0,6839178858225.641,0.6495683700985928,False,True,54.0,partial,0.0008621278269809,0.0012234410815678,0.3956451390957679,0.00893098811253907
1950,3.193150684931507,1.4386986301369864,0.6214611872146119,0.2388127853881278,0.0,0.0380136986301369,0.0,0.0,8767224010958.15,0.6504219413400121,True,True,146.0,complete,0.0013847989354703,0.0012937582266013,1.4014509531280674,0.009183221444616937
1951,3.337180365296804,1.471107305936073,0.6859931506849315,0.2659817351598174,0.0,0.0420776255707762,0.0,0.0,9334940849935.432,0.6523379679695335,False,True,146.0,partial,0.0018755407343681,0.0013600232068736,2.3458133762715065,0.009614436938734958
1952,3.4812100456621007,1.50351598173516,0.7505251141552511,0.2931506849315068,0.0,0.0461415525114155,0.0,0.0,9831337731891.596,0.6541730228087484,False,True,152.0,partial,0.0017978525364252,0.0014225836678337,2.196313547596159,0.01000997068485631
1953,3.625239726027397,1.535924657534247,0.8150570776255708,0.3203196347031963,0.0,0.0502054794520547,0.0,0.0,10381252161518.973,0.6559336730423839,False,True,152.0,partial,0.0017263475711614,0.0014817478703891,2.058712466100908,0.01037407555822283
1954,3.769269406392694,1.5683333333333334,0.8795890410958904,0.3474885844748858,0.0,0.054269406392694,0.0,0.0,10684681554893.535,0.6576257179510714,False,True,152.0,partial,0.0016603155564995,0.0015377902029219,1.9316432954876972,0.010710354398012926
1955,3.913299086757991,1.60074200913242,0.94412100456621,0.3746575342465753,0.0,0.0583333333333333,0.0,0.0,11398992120516.137,0.659254304155383,False,True,152.0,partial,0.0015991510345571,0.0015909557801966,1.813940918633633,0.011021879630815778
1956,4.057328767123288,1.633150684931507,1.0086529680365297,0.4018264840182648,0.0,0.0623972602739726,0.0,0.0,11951387652483.672,0.6608240200201857,False,True,152.0,partial,0.0015423347143405,0.0016259178863582,1.7046060342721705,0.01131128741527681
1957,4.201358447488584,1.6655593607305936,1.0731849315068491,0.4289954337899543,0.0,0.0664611872146118,0.0,0.0,12402988214360.377,0.6623389735840641,False,True,152.0,partial,0.0014894186638602,0.0016432733613279,1.6027766613371808,0.011580852422116202
1958,4.345388127853881,1.6979680365296803,1.137716894977169,0.4561643835616438,0.0,0.0705251141552511,0.0,0.0,12754499113886.68,0.6638028573479062,False,True,152.0,partial,0.0014400144555556,0.0016591589385144,1.5077053265276683,0.011832547742460215
1959,4.489417808219178,1.7303767123287672,1.2022488584474886,0.4833333333333333,0.0,0.0745890410958904,0.0,0.0,13330790435611.377,0.6652190024951754,False,True,152.0,partial,0.0013937835997281,0.0016737539361401,1.4187406548178092,0.012068093264283706
1960,4.6334474885844745,1.762785388127854,1.2667808219178085,0.5105022831050229,0.0,0.0786529680365296,0.0,0.0,14025367456334.516,0.6665904245473625,True,True,152.0,complete,0.0017344199970861,0.0016872096203053,2.074246695555121,0.0122889950262272
1961,4.862710613607305,1.7795820547945205,1.4246451369863014,0.5523246803652968,0.0005830987214611,0.0839999557077625,0.0,0.0,14545646569216.39,0.6686878424893477,False,True,152.0,partial,0.0020490954840658,0.0017112095802451,2.6797946762965488,0.01260120289409755
1962,5.091973738630137,1.7963787214611873,1.5825094520547944,0.5941470776255708,0.0011661974429223,0.0893469433789954,0.0,0.0,15291081770151.14,0.6706886155154942,False,True,152.0,partial,0.0019567083082896,0.0017208133425246,2.502008766518055,0.012885296810436047
1963,5.321236863652968,1.8131753881278536,1.7403737671232875,0.6359694748858448,0.0017492961643835,0.0946939310502283,0.0,0.0,15991243735722.46,0.6726012591059269,False,True,152.0,partial,0.0018722975474185,0.0017468989503994,2.339572326714753,0.013144910606558648
1964,5.550499988675799,1.8299720547945209,1.8982380821917808,0.6777918721461187,0.0023323948858447,0.1000409187214612,0.0,0.0,17168846684352.207,0.6744332106103312,False,True,152.0,partial,0.0017948723981516,0.0018339822357372,2.190578697604411,0.013383077732896707
1965,5.77976311369863,1.8467687214611872,2.0561023972602737,0.7196142694063927,0.0029154936073059,0.105387906392694,0.0,0.0,18075505373698.355,0.6761910039022302,True,True,152.0,complete,0.0018391506339552,0.0019365585072406,2.275785831274244,0.013602350334117448
1966,6.0410873973744295,1.8675149543378995,2.217627168949772,0.7841112442922374,0.0039307408675799,0.1123078721461187,0.0,0.0,19030818060721.69,0.6781115118782418,True,True,152.0,complete,0.0016383723371357,0.0019528668248545,1.8894167073785664,0.014045811105357749
1967,6.232718116666667,1.837387899543379,2.372022374429224,0.8417874429223744,0.0046810520547945,0.1148107762557077,0.0,0.0,19784467002851.566,0.6794677485765016,True,True,152.0,complete,0.0017502747426076,0.0019196718001507,2.104756886316739,0.014449454725891528
1968,6.548180069406394,1.8645141552511413,2.5696906392694068,0.9183045319634704,0.0059489912100456,0.1209233675799086,0.0,0.0,20870428352946.008,0.6816120613634572,True,True,152.0,complete,0.0023108473089339,0.0019324692157813,3.183498636606959,0.014870350236410654
1969,6.932572689497717,1.9231735159817351,2.790570205479452,1.0083828767123286,0.0070529010273972,0.1280527853881278,0.0,0.0,22012539042756.97,0.6840894431943696,True,True,152.0,complete,0.0024195463147622,0.001854946231718,3.3926743309695744,0.015294187610195345
1970,7.320007734246574,1.9505714611872147,3.0462014840182645,1.0975809360730593,0.0090039566210045,0.1340924315068493,0.0,0.0,23271103735643.46,0.6864511539929816,True,True,153.0,complete,0.0018975031732249,0.0016853800312186,2.3880769495467,0.015655363257385486
1971,7.565619500114155,1.9392301369863008,3.209655707762557,1.175021689497717,0.012523308219178,0.1400961415525114,0.0,0.0,24246398728449.66,0.6878844495408195,True,True,153.0,complete,0.0017171452370274,0.0016122731931161,2.041003889857933,0.016089182819499545
1972,7.922357653652968,1.9598432648401825,3.4629447488584475,1.239921689497717,0.0173715936073059,0.1466471461187214,0.0,0.0,25373866516699.586,0.6898854444670365,True,True,153.0,complete,0.0020846824645963,0.0016153119036149,2.7482767319143644,0.016214961714769605
1973,8.327950683447488,2.018672374429224,3.736322374429224,1.298839383561644,0.0232764360730593,0.1487457762557077,0.0,0.0,28100062467301.54,0.6920538144700121,True,True,167.0,complete,0.0010970677067853,0.0015731317059369,0.8477533448435558,0.016179942924202488
1974,8.332892876826484,2.0201406392694063,3.6792688356164382,1.3310341324200914,0.030433801369863,0.1633826141552511,0.0,0.0,27746656042653.12,0.6920795798806072,True,True,153.0,complete,9.921039315724522e-05,0.0014722151435845,-1.0724803763630495,0.01656211099156878
1975,8.366086537899543,2.059981278538813,3.652570091324201,1.331020091324201,0.0422201141552511,0.1653976484018264,0.0,0.0,28234680865071.81,0.6922522352563266,True,True,153.0,complete,0.001108082252931,0.0012709694361523,0.868949263983319,0.01654852407474252
1976,8.769148888127853,2.1346786529680366,3.888295662100457,1.4102898401826482,0.0493917146118721,0.1647416210045662,0.0,0.0,29537559377263.44,0.6942957443864692,True,True,153.0,complete,0.0016687594421233,0.0010450661174119,1.9478923460197013,0.016659494234955288
1977,9.034363102168951,2.1994762557077627,4.0176187214611865,1.456602511415525,0.0614780593607306,0.1702822374429223,0.0,0.0,30733214214567.24,0.6955897541405733,True,True,153.0,complete,0.0013284727658279,0.0008458040242482,1.2930592934624294,0.01672801941127905
1978,9.32238209200913,2.222316438356164,4.190636187214611,1.5175738584474885,0.0714377168949771,0.1842902168949771,3.424657534246576e-07,0.0,32088474953570.344,0.6969526899181252,True,True,153.0,complete,0.0013016816854098,0.0006519869850504,1.241503689926864,0.016922579716826765
1979,9.592486023972604,2.3254084474885848,4.2440634703196345,1.6116471461187216,0.0742990753424657,0.193514406392694,6.849315068493151e-07,0.0,33220383789585.062,0.698193117511393,True,True,153.0,complete,0.0004070892404401,0.0006488885144183,-0.4800115568989847,0.017339749580732446
1980,9.498798696803656,2.3833085616438354,4.060347602739726,1.6252238584474883,0.0812698858447488,0.1976768607305936,1.1986301369863014e-06,0.0,35105310712726.82,0.6977668683990055,True,True,167.0,complete,-0.0003615300141796,0.0007631722555105,-1.9591094112036,0.017604317324512793
1981,9.43410216015982,2.4152970319634703,3.9143789954337898,1.643364611872146,0.0959761107305936,0.2019296347031963,1.1986301369863014e-06,0.0,35740398961458.39,0.6974700574830338,True,True,167.0,complete,-0.0002754756946094,0.000739280694634,-1.7935101776886604,0.017883178293409834
1982,9.379056889041095,2.4424004566210047,3.797946347031964,1.6517957762557078,0.104129857305936,0.2055831164383561,2.111872146118721e-06,0.0,36196627164434.34,0.6972159170097866,True,True,167.0,complete,0.0001465120726189,0.0006835927886486,-0.9814550576811344,0.018058162395696017
1983,9.497970498281964,2.5172343607305936,3.778245433789954,1.6785190639269405,0.1180151484018264,0.2143571803652968,3.743715753424658e-06,3.424657534246576e-07,37212432698472.73,0.6977630816282717,True,True,167.0,complete,0.001066083000464,0.0006899727669902,0.7881277078840013,0.018161191257804618
1984,9.851011591742807,2.6265342465753423,3.8383105022831048,1.81537397260274,0.1432155821917808,0.2216179680365296,5.109081735159818e-06,7.204464611872146e-07,38795331361618.99,0.6993480830107147,True,True,167.0,complete,0.0012420478040796,0.0006702353706436,1.126746812071855,0.018766603854790204
1985,10.057076933639271,2.7393536529680365,3.845283561643836,1.856417579908676,0.1699682191780822,0.2259410616438356,7.331073630136987e-06,1.3410359589041096e-06,40098894653779.75,0.7002471772364309,True,True,168.0,complete,0.0008691666441656,0.0006975702469877,0.4091903363207811,0.018835840402828544
1986,10.25331176828288,2.7698422374429224,3.962383219178082,1.874555593607306,0.1820474543378995,0.2290037671232876,1.584832420091324e-05,1.7333148401826485e-06,41482688664595.22,0.701086416299046,True,True,168.0,complete,0.0011118803822697,0.0007724469121517,0.8762582208193176,0.018720365975744963
1987,10.585451337876714,2.879964383561644,4.053446917808219,1.9728188356164384,0.198028904109589,0.2320995890410958,2.2303284246575343e-05,1.2103915525114154e-06,42930313200450.56,0.7024709380009705,True,True,168.0,complete,0.001392272549243,0.0008257552114813,1.4158328542172127,0.01898847601948709
1988,10.932251493808106,2.9661050228310506,4.182869634703197,2.064936529680365,0.2158960388127853,0.2395375456621004,3.785157534246575e-05,1.1639222602739724e-06,44671815935247.14,0.7038709613975321,True,True,168.0,complete,0.0011043077219438,0.0008370132543504,0.8616857188007703,0.019204130752045898
1989,11.137700479445206,2.99441198630137,4.248366210045663,2.156238356164384,0.2220331735159817,0.2383090182648402,0.0003024859246575,2.99341598173516e-05,46016341267839.7,0.7046795534448582,True,True,168.0,complete,0.0006804380038811,0.0007687239201939,0.0460090535038672,0.01954132432683631
1990,11.28024088819178,2.9599214611872147,4.327262100456621,2.223875570776256,0.2283785388127854,0.2464180365296803,0.0004146655936073,4.432077168949772e-05,46715156894540.73,0.7052318374052945,True,True,169.0,complete,0.0003872366374608,0.0007111847260932,-0.5182150527033135,0.019838136659021417
1991,11.338099585600457,2.9322747716894977,4.323839269406393,2.280004337899544,0.2393047716894977,0.2521169178082191,0.0004664505707762,5.767384246575343e-05,47192014400922.56,0.70545402671978,True,True,168.0,complete,0.0002576072986861,0.0007225833758375,-0.7676681800927859,0.020164818426149457
1992,11.414858177636988,2.920582191780822,4.384106506849316,2.2903518264840184,0.2411213470319634,0.2520907191780822,0.0005402753424657,5.326245433789954e-05,47778114919292.38,0.7057470520026667,True,True,168.0,complete,0.0002590925013101,0.0006920014093167,-0.7648101200048565,0.020124760602882145
1993,11.474192118321918,2.9347981735159814,4.366009360730593,2.313411187214612,0.2494251826484018,0.2672740410958904,0.0006511608447488,6.35476598173516e-05,48709321632528.55,0.7059722117224003,True,True,169.0,complete,0.0003831896588993,0.0005865610384985,-0.5260028842867926,0.02027165075468053
1994,11.618078677956625,2.9469392694063923,4.459837442922375,2.3275813926940643,0.2541071689497717,0.2689389840182648,0.0008141244292237,6.814873287671233e-05,50046959415147.5,0.7065134313204654,True,True,169.0,complete,0.0006666558630728,0.0005224926303478,0.0194872941609973,0.02017837901262888
1995,11.83192027006393,2.9679471461187217,4.528124429223745,2.4091885844748857,0.2651289726027397,0.283491894977169,0.0009443062785388,7.293182191780822e-05,51854384806948.2,0.707305523448546,True,True,169.0,complete,0.0009831531416081,0.0005407760573893,0.628541052261891,0.020479698077663602
1996,12.156187105703196,3.038525342465753,4.6320353881278535,2.529595205479452,0.2747277397260274,0.2873076484018265,0.0010520092465753,7.982077168949772e-05,53971480867836.15,0.7084797376036818,True,True,169.0,complete,0.0008060607170622,0.0005759114199968,0.2877520028267274,0.02080607713063516
1997,12.27938026847032,3.032334703196347,4.754804337899544,2.5148850456621004,0.2728383789954338,0.292392203196347,0.0013730840182648,8.557714611872146e-05,56142944592630.04,0.7089176448826706,True,True,169.0,complete,0.0003378688410604,0.0006145755578128,-0.613216318009531,0.020575819193329598
1998,12.346809654337898,3.01323801369863,4.770390068493151,2.5609589041095893,0.2775336529680365,0.2946270890410959,0.001818408675799,9.267716894977167e-05,57448919778540.96,0.7091554752858027,True,True,169.0,complete,0.0004636236404374,0.0007042171192214,-0.3712191876890962,0.020786611802358804
1999,12.54437191962329,3.026119520547945,4.844267694063928,2.63377899543379,0.2880942465753424,0.2968571689497717,0.0024231618721461,0.0001033433675799,59628765673016.84,0.7098448921635455,True,True,169.0,complete,0.0008632722742958,0.0008323102801274,0.3978474643142456,0.020990071472849488
2000,12.84754650332192,3.1342891552511416,4.910574200913242,2.739070547945205,0.2945967465753424,0.3021325799086758,0.0035855648401826,0.0001207912214611,62796055415774.86,0.7108820198343944,True,True,169.0,complete,0.0007385902635356,0.0009246149724645,0.1579147622939576,0.021260187596169655
2001,12.978387201643834,3.182656621004566,4.954146118721461,2.7758940639269403,0.3029151369863013,0.2943617579908675,0.004381279109589,0.0001623300684931,64760587194602.95,0.7113220726906169,True,True,169.0,complete,0.0006442486768464,0.0009453264756046,-0.0236321318347853,0.021302365102506382
2002,13.234427887511416,3.3084722602739727,4.988252283105022,2.859809132420091,0.3077562557077626,0.2997882762557077,0.005979656392694,0.000205138652968,67072928019096.65,0.7121705171880872,True,True,169.0,complete,0.0011555081153955,0.0009834672547618,0.9602135550978348,0.02151317110235293
2003,13.687712960490868,3.598127168949772,5.092566552511416,2.93695593607306,0.3015206164383561,0.2994216438356164,0.0072242705479452,0.0002571351484018,69971417637124.88,0.713633088921408,True,True,169.0,complete,0.0016641212679601,0.0010338248923756,1.9389668430330056,0.021382827867788036
2004,14.288531521541096,3.8480562785388126,5.298308675799087,3.057262557077625,0.3152236415525114,0.3215217808219178,0.0097737888127853,0.0003388251940639,74015814861564.12,0.7154987597240074,True,True,169.0,complete,0.0015897027864438,0.0009702188242836,1.795759116099583,0.02145427959301006
2005,14.727361423219175,4.132528881278539,5.367224543378995,3.132331621004566,0.3160508561643835,0.3323350913242009,0.0119437511415525,0.0004774095205479,77968730835801.47,0.7168124944942956,True,True,169.0,complete,0.0011902681730087,0.0009409648179379,1.0271043157991735,0.0214136590434676
2006,15.09360431857306,4.347835616438356,5.415177283105023,3.215948515981735,0.3199897945205479,0.3450036986301369,0.0152400479452054,0.0006569726826484,82618841699035.31,0.717879296070025,True,True,169.0,complete,0.0011874685086339,0.0010077433913654,1.0217167620205034,0.02153891353812373
2007,15.555154000833332,4.593801712328768,5.489442922374429,3.349119292237443,0.3134666438356164,0.3507317351598173,0.0195781506849315,0.0008910510616438,87408786989821.05,0.7191874315115635,True,True,169.0,complete,0.0008414452171984,0.0010183876163209,0.355844413877344,0.021774712690815184
2008,15.689961034931509,4.657151255707762,5.444366666666667,3.430450456621005,0.3124948173515982,0.3711864155251141,0.0252753915525114,0.0014475566210045,90277694082646.78,0.7195621865044218,True,True,169.0,complete,-0.0001724370404821,0.0009598005216784,-1.5952270208276798,0.022219538601187017
2009,15.432119381278538,4.59121095890411,5.323512557077626,3.356575913242009,0.3080729452054794,0.3705860388127854,0.0315978687214611,0.0024040262557077,90134685455902.05,0.7188425574305992,True,True,169.0,complete,0.0005707322108384,0.000838687473594,-0.1651040588973116,0.02233673914213114
2010,16.107810408904108,4.796348858447489,5.501431849315068,3.606492123287671,0.3160119406392694,0.3915653538812785,0.0395444132420091,0.0038722821917808,95439312780609.12,0.7207036509260988,True,True,169.0,complete,0.0014063759978114,0.0007058372735112,1.442972924401953,0.02301653307298452
2011,16.464672413242006,5.020930365296803,5.545464954337899,3.692909246575342,0.3027883904109589,0.3986959132420091,0.0503340753424657,0.0075049646118721,99528621997012.2,0.721655309426222,True,True,169.0,complete,0.0007506909264014,0.0006162599969708,0.1812007577629226,0.02333252151473647
2012,16.674404310502283,5.034096347031964,5.634955479452055,3.795255479452055,0.282025399543379,0.4156888127853881,0.0605948458904109,0.0115885810502283,102883604981641.8,0.7222050327789017,True,True,169.0,complete,0.0005696371689697,0.0005571936592584,-0.1672113103988684,0.023899731085188124
2013,16.90230124086758,5.107929794520548,5.698951141552511,3.850829452054795,0.2842775684931506,0.4324194063926941,0.0725858904109589,0.015823,106221801332027.4,0.7227945837641615,True,True,169.0,complete,0.0004529907871163,0.0005621689551953,-0.391680593564524,0.024292549353186785
2014,17.025902558219176,5.126982876712329,5.746163812785388,3.878579337899544,0.2900827397260274,0.4439580479452055,0.0806209543378995,0.0225221974885844,109801891452695.42,0.7231110143531343,True,True,169.0,complete,0.0002612007856159,0.0006447359723367,-0.760753028311992,0.024635541074489342
2015,17.106842359589038,4.98805296803653,5.855482876712329,3.9703245433789953,0.2939886529680365,0.4428271118721461,0.0949488584474885,0.0292846461187214,113181872475007.56,0.7233169853353933,True,True,169.0,complete,0.0002944954076045,0.0005172397988653,-0.6966822889344694,0.025402462399853352
2016,17.258380973744295,4.882171689497717,5.971976712328767,4.062098630136986,0.2983625799086757,0.4584422716894977,0.1098931849315068,0.0374446084474885,116773716558881.69,0.7237000051683434,True,True,169.0,complete,0.0005968051315107,0.0003898248296455,-0.1149304511063661,0.026164998114612585
2017,17.583525515981734,4.934513698630137,6.080289041095891,4.17843093607306,0.3010276255707762,0.4644312785388128,0.1304259589041096,0.0509000627853881,121064678548527.77,0.7245105955984149,True,True,169.0,complete,0.0008911981765669,0.0004469338635641,0.4515868702430015,0.026993789226478403
2018,17.981421244292235,5.011110730593607,6.140729452054795,4.374093607305936,0.3082447945205479,0.4781501940639269,0.1451127739726027,0.0657047374429223,125521105965724.23,0.7254824015214772,True,True,169.0,complete,0.0006532331309317,0.0004539770214929,-0.0063428345918433,0.027952685073582704
2019,18.120518424657533,4.980321118721461,6.164071461187215,4.458125570776256,0.3191504337899543,0.4843180365296803,0.1623583789954338,0.0806537785388127,129095213571496.08,0.7258170618602785,True,True,169.0,complete,-0.0007042295238757,0.0004814492342824,-2.6185856166411408,0.02880736838172039
2020,17.407621084474886,4.830630593607306,5.60516506849315,4.418270205479452,0.3069640410958904,0.4976173972602739,0.1821651369863013,0.0978631735159817,125337601605794.14,0.7240739424737257,True,True,169.0,complete,0.0001322263056136,0.0005364570424113,-1.008945973629062,0.03046878195016989
2021,18.23119535388128,5.096137442922374,5.918586757990868,4.591978767123288,0.3199486872146119,0.4901445205479452,0.2123982990867579,0.1201816210045662,133130659769527.6,0.7260815144715057,True,True,169.0,complete,0.0013217812655881,0.000563341668501,1.2801824580366223,0.031058905579777717
2022,18.500141495433787,5.128644520547945,6.114396118721461,4.573019634703196,0.3058693493150685,0.4948392694063927,0.2408827397260274,0.1509870433789954,137100333666525.52,0.726717505004902,True,True,169.0,complete,0.0006400687482568,0.0005591587356247,-0.0316758067372328,0.03179624615291597
2023,18.776581198630137,5.173411643835617,6.260123744292238,4.583472602739726,0.3125140753424658,0.4863873287671232,0.2651524429223744,0.1884587442922374,137100333666525.52,0.7273616519680195,True,False,169.0,partial,0.0007277129150114,0.0005117245297759,0.1369828603594019,0.03264816466358331
2024,19.1306315913242,5.2340802511415525,6.311881506849315,4.712131278538813,0.3216269863013699,0.5083229109589041,0.2866473515981735,0.2410654566210045,137100333666525.52,0.7281729308349248,True,False,169.0,partial,0.0008112788669053,0.0004881397629166,0.297793586081264,0.03414141779993623
